scenario,vision_mean,metabolism_mean,max_age_mean,repopulate_factor,cell_regeneration
Worst,4.264199728146195,6.751366691663861,96.55008263885976,7.485186895355582,1.6743798777461052
Best,2.571960593573749,7.285224918276071,93.18476642481984,5.733334645628929,2.95167014375329
Typical,1.2129357354715466,3.5813456028699875,96.730439318344,12.009924734011292,1.5217601098120213
Balanced,3.5,6.0,85.0,10.0,3.0
Slow Evolving,1.2129357354715466,3.5813456028699875,100.0,5.0,1.5217601098120213
Fast Evolving,5.089661035686731,5.488567331805825,70.0,15.0,3.368525765836239
